airline,date_of_journey,source,destination,dep_time,arrival_time,duration,total_stops,additional_info,price
Multiple Carriers,2019-05-18,Delhi,Cochin,15:05:00,01:30:00,625,2.0,No Info,16840
Indigo,2019-05-27,Delhi,Cochin,23:30:00,04:35:00,305,1.0,No Info,9476
Goair,2019-04-03,Delhi,Cochin,10:35:00,19:35:00,540,1.0,No Info,5135
Air India,2019-03-18,Mumbai,Hyderabad,19:30:00,20:45:00,75,0.0,No Info,2050
Jet Airways,2019-06-09,Banglore,Delhi,18:55:00,22:00:00,185,0.0,In-flight meal not included,7229
Goair,2019-04-24,Delhi,Cochin,10:35:00,19:35:00,540,1.0,No Info,5430
Indigo,2019-05-15,Delhi,Cochin,06:50:00,16:10:00,560,1.0,No Info,6442
Jet Airways,2019-05-15,Kolkata,Banglore,06:30:00,20:45:00,855,1.0,No Info,14781
Jet Airways,2019-03-12,Banglore,New Delhi,21:25:00,11:25:00,840,1.0,No Info,13817
Jet Airways,2019-06-12,Delhi,Cochin,10:00:00,04:25:00,1105,1.0,In-flight meal not included,10262
Jet Airways,2019-05-09,Delhi,Cochin,17:30:00,12:35:00,1145,1.0,In-flight meal not included,12373
Multiple Carriers,2019-06-27,Delhi,Cochin,10:20:00,21:00:00,640,1.0,No Info,6480
Spicejet,2019-04-21,Banglore,Delhi,05:55:00,08:35:00,160,0.0,No check-in baggage included,4319
Air India,2019-06-24,Delhi,Cochin,13:15:00,09:25:00,1210,2.0,No Info,8839
Jet Airways,2019-05-12,Kolkata,Banglore,06:30:00,08:15:00,1545,1.0,In-flight meal not included,8586
Indigo,2019-06-12,Chennai,Kolkata,13:15:00,15:35:00,140,0.0,No Info,3597
Indigo,2019-04-27,Delhi,Cochin,06:50:00,16:10:00,560,1.0,No Info,6442
Multiple Carriers,2019-03-21,Delhi,Cochin,17:00:00,01:35:00,515,1.0,No Info,7363
Air India,2019-05-15,Delhi,Cochin,07:00:00,19:15:00,735,1.0,No Info,8669
Jet Airways,2019-03-01,Mumbai,Hyderabad,07:10:00,08:35:00,85,0.0,No Info,17501
Jet Airways,2019-06-01,Delhi,Cochin,02:15:00,19:00:00,1005,1.0,In-flight meal not included,10262
Vistara,2019-06-09,Kolkata,Banglore,07:10:00,09:05:00,1555,1.0,No Info,9397
Jet Airways,2019-05-01,Kolkata,Banglore,06:30:00,08:15:00,1545,1.0,In-flight meal not included,9663
Goair,2019-06-01,Delhi,Cochin,07:25:00,13:35:00,370,1.0,No Info,6393
Spicejet,2019-05-09,Kolkata,Banglore,08:35:00,17:15:00,520,1.0,No Info,6171
Multiple Carriers,2019-06-06,Delhi,Cochin,12:50:00,19:15:00,385,1.0,No Info,8266
Jet Airways,2019-03-12,Banglore,New Delhi,07:00:00,21:20:00,860,1.0,No Info,13817
Indigo,2019-04-15,Kolkata,Banglore,19:35:00,23:15:00,220,1.0,No Info,4226
Jet Airways,2019-03-27,Delhi,Cochin,08:00:00,04:25:00,1225,1.0,No Info,12452
Jet Airways,2019-05-27,Delhi,Cochin,11:30:00,19:00:00,450,1.0,No Info,16079
Jet Airways,2019-05-09,Banglore,Delhi,15:15:00,18:10:00,175,0.0,In-flight meal not included,4544
Air India,2019-04-01,Kolkata,Banglore,10:00:00,23:15:00,795,1.0,No Info,7893
Indigo,2019-06-03,Banglore,Delhi,22:10:00,01:00:00,170,0.0,No Info,3359
Multiple Carriers,2019-06-24,Delhi,Cochin,13:00:00,01:30:00,750,1.0,No Info,7198
Jet Airways,2019-05-18,Delhi,Cochin,19:45:00,12:35:00,1010,1.0,In-flight meal not included,12373
Air India,2019-03-12,Banglore,New Delhi,08:50:00,23:25:00,875,2.0,No Info,13250
Spicejet,2019-06-21,Kolkata,Banglore,09:00:00,11:25:00,145,0.0,No Info,3873
Spicejet,2019-06-06,Banglore,Delhi,09:30:00,12:20:00,170,0.0,No check-in baggage included,3919
Indigo,2019-06-24,Banglore,Delhi,07:10:00,10:05:00,175,0.0,No Info,4823
Indigo,2019-06-21,Kolkata,Banglore,14:25:00,16:55:00,150,0.0,No Info,5224
Jet Airways,2019-05-21,Kolkata,Banglore,14:05:00,04:40:00,875,1.0,No Info,14388
Jet Airways,2019-06-06,Kolkata,Banglore,09:35:00,14:25:00,1730,1.0,In-flight meal not included,10539
Indigo,2019-05-18,Mumbai,Hyderabad,20:05:00,21:40:00,95,0.0,No Info,2227
Jet Airways,2019-06-12,Kolkata,Banglore,14:05:00,19:50:00,345,1.0,In-flight meal not included,9899
Air India,2019-06-09,Kolkata,Banglore,12:00:00,13:15:00,1515,1.0,No Info,7662
Indigo,2019-05-03,Banglore,Delhi,21:15:00,00:15:00,180,0.0,No Info,3943
Multiple Carriers,2019-06-03,Delhi,Cochin,03:50:00,19:00:00,910,1.0,No Info,12192
Jet Airways,2019-06-15,Delhi,Cochin,18:15:00,12:35:00,1100,1.0,In-flight meal not included,10262
Jet Airways,2019-06-09,Kolkata,Banglore,09:35:00,18:00:00,505,1.0,In-flight meal not included,13994
Spicejet,2019-06-09,Banglore,Delhi,21:10:00,00:05:00,175,0.0,No Info,3971
Jet Airways,2019-03-21,Banglore,New Delhi,20:35:00,10:25:00,830,1.0,In-flight meal not included,7832
Jet Airways,2019-05-09,Delhi,Cochin,19:30:00,12:35:00,1025,2.0,In-flight meal not included,13029
Jet Airways,2019-05-21,Delhi,Cochin,22:50:00,19:00:00,1210,1.0,In-flight meal not included,12898
Indigo,2019-04-09,Delhi,Cochin,21:50:00,03:35:00,345,1.0,No Info,7398
Jet Airways,2019-06-06,Delhi,Cochin,21:25:00,19:00:00,1295,2.0,No Info,13292
Indigo,2019-06-03,Banglore,Delhi,18:55:00,21:50:00,175,0.0,No Info,4823
Jet Airways,2019-04-06,Banglore,Delhi,15:15:00,18:10:00,175,0.0,In-flight meal not included,5198
Jet Airways,2019-06-09,Delhi,Cochin,09:00:00,19:00:00,600,1.0,No Info,14714
Indigo,2019-06-15,Chennai,Kolkata,14:45:00,17:05:00,140,0.0,No Info,3597
Jet Airways,2019-05-12,Kolkata,Banglore,14:05:00,22:35:00,510,1.0,No Info,14781
Jet Airways,2019-06-01,Delhi,Cochin,11:30:00,12:35:00,1505,1.0,In-flight meal not included,10262
Air India,2019-03-15,Banglore,New Delhi,06:55:00,10:50:00,1675,1.0,No Info,7932
Jet Airways,2019-05-24,Kolkata,Banglore,18:55:00,18:15:00,1400,1.0,In-flight meal not included,10844
Indigo,2019-05-15,Delhi,Cochin,18:35:00,01:30:00,415,1.0,No Info,7191
Indigo,2019-06-21,Banglore,Delhi,06:05:00,08:50:00,165,0.0,No Info,3943
Jet Airways,2019-03-09,Delhi,Cochin,20:50:00,18:50:00,1320,1.0,No Info,16289
Jet Airways,2019-06-21,Banglore,Delhi,06:00:00,08:45:00,165,0.0,No Info,8016
Jet Airways,2019-06-15,Delhi,Cochin,20:00:00,12:35:00,995,2.0,No Info,14300
Indigo,2019-03-03,Mumbai,Hyderabad,19:05:00,20:30:00,85,0.0,No Info,5755
Spicejet,2019-04-03,Banglore,Delhi,05:55:00,08:35:00,160,0.0,No Info,3971
Spicejet,2019-05-09,Kolkata,Banglore,11:35:00,18:50:00,435,1.0,No Info,8479
Spicejet,2019-06-27,Delhi,Cochin,17:55:00,22:50:00,295,1.0,No Info,4957
Indigo,2019-06-21,Chennai,Kolkata,22:05:00,00:25:00,140,0.0,No Info,5277
Jet Airways,2019-06-12,Kolkata,Banglore,09:35:00,22:05:00,750,1.0,In-flight meal not included,10539
Multiple Carriers,2019-03-06,Delhi,Cochin,02:15:00,15:30:00,795,1.0,No Info,17057
Spicejet,2019-06-15,Kolkata,Banglore,22:20:00,00:40:00,140,0.0,No check-in baggage included,3841
Air India,2019-06-09,Kolkata,Banglore,09:25:00,01:20:00,955,2.0,No Info,11668
Air India,2019-03-21,Delhi,Cochin,20:40:00,09:25:00,765,1.0,No Info,5642
Indigo,2019-04-15,Kolkata,Banglore,19:20:00,23:45:00,265,1.0,No Info,3809
Vistara,2019-06-12,Chennai,Kolkata,17:45:00,20:05:00,140,0.0,No Info,11982
Multiple Carriers,2019-06-12,Delhi,Cochin,15:15:00,01:30:00,615,1.0,No Info,6795
Air India,2019-06-15,Delhi,Cochin,09:45:00,23:00:00,795,1.0,No Info,8907
Jet Airways,2019-03-09,Delhi,Cochin,06:50:00,19:45:00,775,1.0,No Info,16289
Air India,2019-04-01,Kolkata,Banglore,16:50:00,07:55:00,905,1.0,No Info,7893
Jet Airways,2019-05-21,Kolkata,Banglore,20:25:00,21:05:00,1480,1.0,No Info,14151
Indigo,2019-06-27,Kolkata,Banglore,04:40:00,07:15:00,155,0.0,No Info,4804
Indigo,2019-06-12,Banglore,Delhi,10:10:00,13:00:00,170,0.0,No Info,3943
Multiple Carriers,2019-05-18,Delhi,Cochin,03:50:00,19:00:00,910,1.0,No Info,10197
Air Asia,2019-05-03,Banglore,Delhi,11:10:00,13:55:00,165,0.0,No Info,4483
Multiple Carriers,2019-06-01,Delhi,Cochin,08:30:00,19:15:00,645,1.0,No Info,8937
Air India,2019-06-09,Kolkata,Banglore,07:00:00,05:25:00,1345,2.0,No Info,12744
Multiple Carriers,2019-06-06,Delhi,Cochin,09:45:00,22:30:00,765,1.0,No Info,9646
Spicejet,2019-04-27,Kolkata,Banglore,09:00:00,11:25:00,145,0.0,No Info,4174
Indigo,2019-06-12,Delhi,Cochin,09:15:00,21:00:00,705,1.0,No Info,6838
Vistara,2019-03-24,Kolkata,Banglore,17:00:00,10:50:00,1070,1.0,No Info,12890
Indigo,2019-03-09,Banglore,New Delhi,13:10:00,16:10:00,180,0.0,No Info,8033
Multiple Carriers,2019-06-12,Delhi,Cochin,13:00:00,21:00:00,480,1.0,No Info,7408
Goair,2019-03-06,Delhi,Cochin,10:25:00,19:20:00,535,1.0,No Info,8213
Jet Airways,2019-05-21,Kolkata,Banglore,06:30:00,19:50:00,800,1.0,In-flight meal not included,10844
Multiple Carriers,2019-03-21,Delhi,Cochin,06:40:00,18:50:00,730,1.0,No Info,13568
Jet Airways,2019-03-01,Banglore,New Delhi,11:40:00,18:25:00,405,1.0,No Info,26890
Air Asia,2019-04-27,Delhi,Cochin,07:55:00,22:25:00,870,1.0,No Info,6451
Jet Airways,2019-03-21,Banglore,New Delhi,07:00:00,15:15:00,495,1.0,In-flight meal not included,7832
Jet Airways,2019-06-01,Delhi,Cochin,10:00:00,04:25:00,1105,1.0,In-flight meal not included,10262
Jet Airways,2019-05-24,Kolkata,Banglore,20:00:00,18:15:00,1335,1.0,In-flight meal not included,10844
Jet Airways,2019-06-24,Delhi,Cochin,20:55:00,12:35:00,940,1.0,In-flight meal not included,10262
Indigo,2019-05-27,Banglore,Delhi,18:25:00,21:20:00,175,0.0,No Info,4823
Indigo,2019-05-09,Mumbai,Hyderabad,20:05:00,21:40:00,95,0.0,No Info,2437
Air India,2019-03-01,Banglore,New Delhi,05:50:00,22:10:00,980,2.0,No Info,13576
Spicejet,2019-04-06,Kolkata,Banglore,06:55:00,09:30:00,155,0.0,No check-in baggage included,3841
Air India,2019-06-12,Banglore,Delhi,06:10:00,08:55:00,165,0.0,No Info,6961
Indigo,2019-04-01,Kolkata,Banglore,20:20:00,22:55:00,155,0.0,No Info,4488
Jet Airways,2019-05-21,Delhi,Cochin,22:50:00,19:00:00,1210,1.0,No Info,16079
Indigo,2019-06-01,Chennai,Kolkata,13:15:00,15:35:00,140,0.0,No Info,3597
Jet Airways,2019-06-09,Delhi,Cochin,21:35:00,12:35:00,900,2.0,No Info,13882
Jet Airways,2019-05-24,Kolkata,Banglore,21:10:00,04:40:00,450,1.0,In-flight meal not included,9663
Jet Airways,2019-03-24,Kolkata,Banglore,19:45:00,20:40:00,1495,1.0,No Info,13759
Jet Airways,2019-06-12,Banglore,Delhi,18:55:00,22:00:00,185,0.0,In-flight meal not included,5769
Jet Airways,2019-06-09,Kolkata,Banglore,09:35:00,21:05:00,690,1.0,No Info,14676
Air India,2019-06-06,Delhi,Cochin,06:05:00,09:25:00,1640,1.0,No Info,7952
Multiple Carriers,2019-03-06,Delhi,Cochin,07:30:00,15:30:00,480,1.0,No Info,15147
Indigo,2019-05-27,Delhi,Cochin,18:35:00,01:30:00,415,1.0,No Info,6628
Jet Airways,2019-05-06,Kolkata,Banglore,17:00:00,23:35:00,395,1.0,In-flight meal not included,10703
Spicejet,2019-06-06,Kolkata,Banglore,08:35:00,17:15:00,520,1.0,No Info,6643
Goair,2019-06-15,Banglore,Delhi,11:40:00,14:30:00,170,0.0,No Info,3898
Spicejet,2019-06-06,Kolkata,Banglore,15:55:00,21:25:00,330,1.0,No Info,8224
Air Asia,2019-06-03,Kolkata,Banglore,10:20:00,12:55:00,155,0.0,No Info,4409
Air India,2019-03-03,Delhi,Cochin,19:00:00,07:40:00,760,1.0,No Info,14777
Spicejet,2019-03-03,Banglore,New Delhi,09:35:00,12:30:00,175,0.0,No Info,6860
Indigo,2019-04-27,Delhi,Cochin,08:35:00,16:10:00,455,1.0,No Info,6442
Indigo,2019-03-09,Banglore,New Delhi,22:20:00,01:10:00,170,0.0,No Info,4377
Air India,2019-05-09,Kolkata,Banglore,16:50:00,18:30:00,1540,1.0,No Info,8576
Indigo,2019-04-24,Delhi,Cochin,02:00:00,07:25:00,325,1.0,No Info,5636
Vistara,2019-03-01,Chennai,Kolkata,07:05:00,09:20:00,135,0.0,No Info,9125
Air Asia,2019-03-24,Banglore,New Delhi,23:25:00,02:10:00,165,0.0,No Info,4482
Jet Airways,2019-03-24,Kolkata,Banglore,16:55:00,19:40:00,1605,1.0,No Info,14231
Air India,2019-05-24,Mumbai,Hyderabad,06:20:00,07:40:00,80,0.0,No Info,3100
Air India,2019-05-24,Kolkata,Banglore,10:00:00,10:30:00,1470,3.0,No Info,13007
Multiple Carriers,2019-06-06,Delhi,Cochin,07:00:00,21:00:00,840,1.0,No Info,7408
Vistara,2019-06-09,Kolkata,Banglore,17:00:00,23:25:00,385,1.0,No Info,9870
Indigo,2019-04-12,Banglore,Delhi,20:00:00,22:50:00,170,0.0,No Info,4990
Indigo,2019-05-12,Mumbai,Hyderabad,02:35:00,04:05:00,90,0.0,No Info,3175
Spicejet,2019-06-15,Kolkata,Banglore,06:55:00,09:30:00,155,0.0,No check-in baggage included,3841
Jet Airways,2019-06-09,Banglore,Delhi,18:55:00,22:00:00,185,0.0,No Info,8016
Air India,2019-03-21,Delhi,Cochin,16:40:00,19:15:00,1595,2.0,No Info,8236
Jet Airways,2019-03-21,Banglore,New Delhi,11:40:00,07:40:00,1200,1.0,In-flight meal not included,7832
Jet Airways,2019-03-06,Banglore,New Delhi,08:55:00,09:30:00,1475,1.0,No Info,17261
Indigo,2019-03-27,Delhi,Cochin,02:35:00,08:30:00,355,1.0,No Info,7731
Spicejet,2019-06-12,Banglore,Delhi,05:55:00,08:35:00,160,0.0,No check-in baggage included,4319
Air India,2019-03-27,Mumbai,Hyderabad,06:20:00,07:40:00,80,0.0,No Info,2575
Multiple Carriers,2019-03-21,Delhi,Cochin,17:30:00,01:35:00,485,1.0,No Info,13542
Indigo,2019-04-06,Delhi,Cochin,10:35:00,15:35:00,300,1.0,No Info,5073
Air India,2019-06-15,Delhi,Cochin,13:20:00,07:40:00,1100,2.0,No Info,12121
Jet Airways,2019-05-21,Banglore,Delhi,06:00:00,08:45:00,165,0.0,No Info,7229
Indigo,2019-03-27,Delhi,Cochin,02:05:00,07:25:00,320,1.0,No Info,4744
Air India,2019-05-12,Kolkata,Banglore,09:25:00,18:30:00,545,1.0,No Info,8576
Indigo,2019-03-06,Delhi,Cochin,08:35:00,16:10:00,455,1.0,No Info,7514
Jet Airways,2019-05-21,Delhi,Cochin,11:30:00,19:00:00,450,1.0,No Info,16079
Spicejet,2019-03-01,Chennai,Kolkata,08:20:00,10:35:00,135,0.0,No Info,7298
Vistara,2019-04-01,Kolkata,Banglore,17:00:00,09:05:00,965,1.0,No Info,8662
Indigo,2019-06-09,Delhi,Cochin,08:30:00,21:00:00,750,1.0,No Info,6838
Jet Airways,2019-03-21,Delhi,Cochin,20:50:00,04:25:00,455,1.0,In-flight meal not included,9212
Indigo,2019-04-06,Kolkata,Banglore,14:25:00,16:55:00,150,0.0,No Info,4174
Air Asia,2019-06-06,Kolkata,Banglore,22:40:00,10:40:00,720,1.0,No Info,6810
Air India,2019-03-01,Banglore,New Delhi,09:30:00,23:45:00,855,1.0,No Info,12704
Air India,2019-05-21,Delhi,Cochin,05:55:00,07:40:00,1545,2.0,No Info,11543
Indigo,2019-05-21,Banglore,Delhi,10:10:00,13:00:00,170,0.0,No Info,3943
Jet Airways,2019-03-21,Delhi,Cochin,10:20:00,04:25:00,2525,2.0,No Info,11664
Air India,2019-05-24,Kolkata,Banglore,09:25:00,07:55:00,1350,1.0,No Info,8366
Goair,2019-06-24,Delhi,Cochin,07:00:00,12:55:00,355,1.0,No Info,5281
Jet Airways,2019-06-06,Delhi,Cochin,18:15:00,04:25:00,610,1.0,In-flight meal not included,10262
Spicejet,2019-04-27,Kolkata,Banglore,17:10:00,19:40:00,150,0.0,No Info,4174
Indigo,2019-03-24,Chennai,Kolkata,22:05:00,00:25:00,140,0.0,No Info,5277
Multiple Carriers,2019-06-27,Delhi,Cochin,19:00:00,01:30:00,390,1.0,No Info,6795
Jet Airways,2019-05-21,Delhi,Cochin,16:00:00,19:00:00,1620,1.0,No Info,16079
Indigo,2019-05-15,Banglore,Delhi,20:00:00,22:50:00,170,0.0,No Info,4823
Jet Airways,2019-05-21,Mumbai,Hyderabad,10:20:00,11:50:00,90,0.0,In-flight meal not included,4995
Indigo,2019-03-24,Banglore,New Delhi,18:25:00,21:20:00,175,0.0,No Info,7303
Air India,2019-05-27,Delhi,Cochin,09:45:00,23:00:00,795,1.0,No Info,8907
Indigo,2019-06-24,Delhi,Cochin,09:15:00,01:30:00,975,1.0,No Info,6628
Air India,2019-06-09,Kolkata,Banglore,09:50:00,21:05:00,675,1.0,No Info,7662
Jet Airways,2019-05-18,Delhi,Cochin,09:40:00,12:35:00,1615,2.0,No Info,15129
Air India,2019-05-01,Chennai,Kolkata,11:40:00,13:55:00,135,0.0,No Info,4667
Multiple Carriers,2019-03-27,Delhi,Cochin,13:05:00,22:20:00,555,1.0,No Info,6076
Spicejet,2019-05-27,Delhi,Cochin,06:05:00,11:20:00,315,1.0,No Info,6749
Air India,2019-06-09,Delhi,Cochin,07:05:00,09:25:00,1580,2.0,No Info,11185
Indigo,2019-04-27,Delhi,Cochin,07:35:00,12:10:00,275,1.0,No Info,5073
Multiple Carriers,2019-06-27,Delhi,Cochin,07:30:00,19:00:00,690,1.0,No Info,10877
Vistara,2019-05-09,Kolkata,Banglore,20:20:00,09:05:00,765,1.0,No Info,9187
Indigo,2019-05-18,Delhi,Cochin,15:10:00,20:00:00,290,1.0,No Info,6496
Jet Airways,2019-05-21,Delhi,Cochin,20:00:00,04:25:00,505,2.0,In-flight meal not included,15318
Indigo,2019-04-27,Kolkata,Banglore,22:15:00,00:50:00,155,0.0,No Info,4804
Air India,2019-03-21,Delhi,Cochin,17:20:00,09:25:00,965,1.0,No Info,6482
Indigo,2019-03-09,Chennai,Kolkata,22:05:00,00:25:00,140,0.0,No Info,6297
Jet Airways,2019-05-09,Delhi,Cochin,19:45:00,19:00:00,1395,1.0,In-flight meal not included,12373
Jet Airways,2019-05-09,Kolkata,Banglore,06:30:00,10:05:00,1655,1.0,In-flight meal not included,8586
Air India,2019-06-09,Kolkata,Banglore,09:10:00,13:15:00,245,1.0,No Info,8996
Jet Airways,2019-05-15,Kolkata,Banglore,09:35:00,14:25:00,1730,1.0,No Info,11467
Jet Airways,2019-03-01,Banglore,New Delhi,11:40:00,09:00:00,1280,1.0,No Info,20800
Jet Airways,2019-03-01,Banglore,New Delhi,22:50:00,07:40:00,530,1.0,No Info,26890
Multiple Carriers,2019-03-03,Delhi,Cochin,17:00:00,01:35:00,515,1.0,No Info,17073
Indigo,2019-03-01,Mumbai,Hyderabad,21:20:00,22:45:00,85,0.0,No Info,12475
Jet Airways,2019-05-12,Kolkata,Banglore,09:35:00,14:25:00,1730,1.0,No Info,13067
Jet Airways,2019-03-21,Delhi,Cochin,10:45:00,18:50:00,1925,2.0,In-flight meal not included,7791
Spicejet,2019-04-01,Delhi,Cochin,06:05:00,11:20:00,315,1.0,No Info,5351
Indigo,2019-06-03,Delhi,Cochin,18:35:00,01:30:00,415,1.0,No Info,6628
Air India,2019-03-27,Mumbai,Hyderabad,13:55:00,15:25:00,90,0.0,No Info,2050
Jet Airways,2019-03-21,Delhi,Cochin,09:00:00,18:50:00,590,1.0,In-flight meal not included,7438
Jet Airways,2019-06-03,Delhi,Cochin,16:00:00,04:25:00,745,1.0,No Info,14714
Indigo,2019-05-06,Kolkata,Banglore,15:15:00,20:05:00,290,1.0,No Info,4775
Air India,2019-05-18,Kolkata,Banglore,05:50:00,08:55:00,1625,2.0,No Info,12723
Air India,2019-03-12,Banglore,New Delhi,08:50:00,10:15:00,1525,2.0,No Info,12778
Air India,2019-05-18,Delhi,Cochin,23:00:00,07:40:00,520,1.0,No Info,8372
Jet Airways,2019-06-27,Delhi,Cochin,10:00:00,19:00:00,540,1.0,In-flight meal not included,10262
Spicejet,2019-06-21,Chennai,Kolkata,08:20:00,10:35:00,135,0.0,No Info,3597
Air Asia,2019-06-06,Delhi,Cochin,07:55:00,13:25:00,330,1.0,No Info,8759
Indigo,2019-04-21,Kolkata,Banglore,11:30:00,14:05:00,155,0.0,No Info,5644
Jet Airways,2019-06-12,Delhi,Cochin,07:05:00,12:35:00,330,1.0,No Info,16289
Spicejet,2019-06-01,Banglore,Delhi,05:55:00,08:35:00,160,0.0,No Info,3625
Vistara,2019-05-27,Banglore,Delhi,21:00:00,23:50:00,170,0.0,No Info,4668
Indigo,2019-03-06,Delhi,Cochin,02:35:00,08:30:00,355,1.0,No Info,13790
Jet Airways,2019-06-21,Banglore,Delhi,08:20:00,11:20:00,180,0.0,In-flight meal not included,5769
Jet Airways,2019-05-27,Delhi,Cochin,19:15:00,19:00:00,1425,1.0,In-flight meal not included,12898
Jet Airways,2019-06-09,Kolkata,Banglore,20:25:00,22:05:00,1540,1.0,In-flight meal not included,10539
Indigo,2019-03-09,Mumbai,Hyderabad,06:20:00,07:45:00,85,0.0,No Info,4392
Multiple Carriers,2019-06-15,Delhi,Cochin,08:45:00,19:00:00,615,1.0,No Info,11789
Jet Airways,2019-05-01,Kolkata,Banglore,06:30:00,12:00:00,330,1.0,No Info,14388
Jet Airways,2019-03-21,Delhi,Cochin,06:20:00,04:25:00,1325,2.0,No Info,12273
Jet Airways,2019-04-01,Mumbai,Hyderabad,02:55:00,04:20:00,85,0.0,No Info,5678
Jet Airways,2019-06-21,Banglore,Delhi,19:50:00,22:50:00,180,0.0,No Info,8541
Vistara,2019-06-03,Banglore,Delhi,17:00:00,19:35:00,155,0.0,No Info,4878
Indigo,2019-06-03,Mumbai,Hyderabad,20:05:00,21:40:00,95,0.0,No Info,2227
Indigo,2019-03-27,Kolkata,Banglore,05:30:00,08:20:00,170,0.0,No Info,4148
Jet Airways,2019-05-09,Kolkata,Banglore,16:30:00,09:20:00,1010,1.0,In-flight meal not included,9663
Indigo,2019-03-24,Kolkata,Banglore,15:10:00,19:50:00,280,1.0,No Info,7476
Air India,2019-04-03,Mumbai,Hyderabad,13:55:00,15:25:00,90,0.0,No Info,2575
Air India,2019-05-15,Delhi,Cochin,13:05:00,09:25:00,1220,2.0,No Info,10975
Jet Airways,2019-05-24,Kolkata,Banglore,08:25:00,20:45:00,740,1.0,In-flight meal not included,10844
Jet Airways,2019-06-01,Delhi,Cochin,19:15:00,12:35:00,1040,1.0,In-flight meal not included,10262
Multiple Carriers,2019-05-09,Delhi,Cochin,06:00:00,19:00:00,780,1.0,No Info,9794
Jet Airways,2019-05-09,Kolkata,Banglore,17:00:00,21:05:00,1685,1.0,No Info,13067
Air India,2019-06-24,Delhi,Cochin,21:00:00,07:40:00,640,1.0,No Info,8372
Jet Airways,2019-06-03,Delhi,Cochin,05:30:00,19:00:00,810,2.0,No Info,13014
Air India,2019-04-03,Banglore,Delhi,21:05:00,23:55:00,170,0.0,No Info,4441
Jet Airways,2019-03-09,Banglore,New Delhi,09:45:00,00:30:00,885,1.0,In-flight meal not included,10562
Multiple Carriers,2019-06-06,Delhi,Cochin,07:30:00,19:00:00,690,1.0,No Info,12524
Spicejet,2019-06-21,Kolkata,Banglore,17:10:00,19:40:00,150,0.0,No Info,3873
Indigo,2019-05-21,Kolkata,Banglore,06:35:00,12:10:00,335,2.0,No Info,6103
Jet Airways,2019-06-06,Banglore,Delhi,07:10:00,10:10:00,180,0.0,No Info,8016
Multiple Carriers,2019-05-27,Delhi,Cochin,15:00:00,01:30:00,630,1.0,No Info,13377
Jet Airways,2019-05-18,Delhi,Cochin,13:25:00,19:00:00,1775,2.0,No Info,15129
Spicejet,2019-03-09,Chennai,Kolkata,09:30:00,12:05:00,155,0.0,No Info,6300
Multiple Carriers,2019-03-21,Delhi,Cochin,07:05:00,19:15:00,730,1.0,No Info,13378
Goair,2019-03-09,Banglore,New Delhi,20:55:00,23:50:00,175,0.0,No Info,5706
Air India,2019-05-12,Mumbai,Hyderabad,13:55:00,15:25:00,90,0.0,No Info,3100
Air India,2019-05-15,Delhi,Cochin,18:05:00,21:10:00,185,0.0,No Info,6094
Air India,2019-06-09,Kolkata,Banglore,20:30:00,20:25:00,1435,1.0,No Info,10203
Air Asia,2019-04-01,Kolkata,Banglore,07:35:00,19:25:00,710,1.0,No Info,5192
Indigo,2019-03-06,Delhi,Cochin,07:35:00,12:00:00,265,1.0,No Info,7725
Vistara,2019-04-24,Delhi,Cochin,06:00:00,09:10:00,190,0.0,No Info,6216
Jet Airways,2019-06-03,Delhi,Cochin,19:30:00,04:25:00,535,2.0,In-flight meal not included,10368
Air India,2019-03-24,Kolkata,Banglore,20:30:00,20:25:00,1435,1.0,No Info,12173
Multiple Carriers,2019-06-15,Delhi,Cochin,06:00:00,19:00:00,780,1.0,No Info,11789
Jet Airways,2019-06-06,Delhi,Cochin,11:30:00,04:25:00,1015,1.0,In-flight meal not included,10262
Indigo,2019-05-27,Delhi,Cochin,05:05:00,12:10:00,425,1.0,No Info,6600
Indigo,2019-06-27,Kolkata,Banglore,17:15:00,19:50:00,155,0.0,No Info,4804
Jet Airways,2019-06-09,Kolkata,Banglore,06:30:00,19:50:00,800,1.0,No Info,14571
Indigo,2019-05-18,Delhi,Cochin,06:50:00,22:30:00,940,1.0,No Info,7144
Air India,2019-04-24,Banglore,Delhi,17:00:00,19:45:00,165,0.0,No Info,6121
Spicejet,2019-06-18,Mumbai,Hyderabad,22:45:00,00:15:00,90,0.0,No Info,2017
Multiple Carriers,2019-05-09,Delhi,Cochin,13:00:00,21:00:00,480,1.0,No Info,8073
Jet Airways,2019-05-24,Kolkata,Banglore,08:25:00,18:15:00,590,1.0,No Info,14571
Jet Airways,2019-03-09,Delhi,Cochin,19:45:00,18:50:00,1385,1.0,In-flight meal not included,14053
Jet Airways,2019-04-01,Delhi,Cochin,16:00:00,12:35:00,1235,1.0,In-flight meal not included,5406
Multiple Carriers,2019-03-03,Delhi,Cochin,13:00:00,01:35:00,755,1.0,No Info,18286
Vistara,2019-03-06,Mumbai,Hyderabad,21:55:00,09:25:00,690,1.0,No Info,12395
Indigo,2019-06-27,Delhi,Cochin,06:50:00,22:30:00,940,1.0,No Info,6442
Air Asia,2019-03-09,Delhi,Cochin,20:10:00,07:10:00,660,1.0,No Info,8327
Indigo,2019-03-15,Banglore,New Delhi,20:00:00,22:55:00,175,0.0,No Info,8855
Multiple Carriers,2019-06-24,Delhi,Cochin,14:00:00,01:30:00,690,1.0,No Info,13377
Jet Airways,2019-06-27,Delhi,Cochin,13:25:00,12:35:00,1390,2.0,No Info,15339
Jet Airways,2019-06-01,Delhi,Cochin,22:50:00,19:00:00,1210,1.0,No Info,14714
Jet Airways,2019-04-24,Banglore,Delhi,19:50:00,22:50:00,180,0.0,In-flight meal not included,4544
Jet Airways,2019-05-18,Delhi,Cochin,08:00:00,04:25:00,1225,1.0,In-flight meal not included,12373
Air India,2019-05-09,Mumbai,Hyderabad,21:05:00,22:25:00,80,0.0,No Info,3100
Air India,2019-05-21,Delhi,Cochin,12:30:00,09:25:00,1255,1.0,No Info,7480
Indigo,2019-03-24,Kolkata,Banglore,08:15:00,13:00:00,285,1.0,No Info,6303
Jet Airways,2019-03-06,Delhi,Cochin,09:00:00,04:25:00,1165,1.0,In-flight meal not included,13843
Jet Airways,2019-06-06,Delhi,Cochin,13:00:00,04:25:00,925,1.0,In-flight meal not included,10262
Indigo,2019-04-15,Delhi,Cochin,14:25:00,17:40:00,195,0.0,No Info,6015
Multiple Carriers,2019-06-15,Delhi,Cochin,10:20:00,01:30:00,910,1.0,No Info,6795
Indigo,2019-04-27,Banglore,Delhi,10:30:00,13:20:00,170,0.0,No Info,4423
Jet Airways,2019-06-12,Delhi,Cochin,05:30:00,12:35:00,425,2.0,No Info,14441
Air India,2019-05-01,Kolkata,Banglore,05:50:00,16:15:00,2065,2.0,No Info,10991
Indigo,2019-06-15,Banglore,Delhi,10:30:00,13:20:00,170,0.0,No Info,3943
Jet Airways,2019-05-09,Delhi,Cochin,02:15:00,12:35:00,620,1.0,No Info,15851
Multiple Carriers,2019-06-15,Delhi,Cochin,10:00:00,19:15:00,555,1.0,No Info,16108
Air India,2019-05-09,Delhi,Cochin,18:45:00,19:15:00,1470,2.0,No Info,11942
Indigo,2019-06-24,Banglore,Delhi,23:30:00,02:20:00,170,0.0,No Info,3943
Multiple Carriers,2019-05-15,Delhi,Cochin,10:35:00,19:15:00,520,1.0,No Info,7575
Indigo,2019-05-09,Kolkata,Banglore,22:15:00,00:50:00,155,0.0,No Info,4804
Jet Airways,2019-06-06,Kolkata,Banglore,14:05:00,22:35:00,510,1.0,No Info,14571
Jet Airways,2019-06-06,Kolkata,Banglore,06:30:00,07:25:00,1495,2.0,In-flight meal not included,10118
Jet Airways,2019-05-15,Kolkata,Banglore,14:05:00,16:20:00,1575,1.0,In-flight meal not included,10844
Multiple Carriers,2019-05-18,Delhi,Cochin,07:10:00,16:10:00,540,1.0,No Info,7038
Spicejet,2019-05-01,Kolkata,Banglore,17:10:00,19:40:00,150,0.0,No Info,4174
Jet Airways,2019-04-01,Kolkata,Banglore,06:30:00,12:00:00,330,1.0,In-flight meal not included,10056
Jet Airways,2019-06-06,Kolkata,Banglore,20:00:00,16:20:00,1220,1.0,No Info,14571
Indigo,2019-06-15,Banglore,Delhi,10:10:00,13:00:00,170,0.0,No Info,3943
Multiple Carriers,2019-05-27,Delhi,Cochin,08:45:00,21:00:00,735,1.0,No Info,7740
Multiple Carriers,2019-05-27,Delhi,Cochin,07:00:00,19:00:00,720,1.0,No Info,10407
Multiple Carriers,2019-05-09,Delhi,Cochin,10:00:00,21:00:00,660,1.0,No Info,13727
Multiple Carriers,2019-05-09,Delhi,Cochin,08:45:00,19:00:00,615,1.0,No Info,9794
Indigo,2019-03-09,Delhi,Cochin,04:45:00,12:55:00,490,1.0,No Info,16162
Air Asia,2019-03-18,Kolkata,Banglore,19:35:00,22:05:00,150,0.0,No Info,4384
Jet Airways,2019-05-21,Kolkata,Banglore,20:00:00,08:15:00,735,1.0,No Info,14781
Indigo,2019-06-15,Chennai,Kolkata,07:55:00,10:15:00,140,0.0,No Info,3850
Multiple Carriers,2019-06-12,Delhi,Cochin,10:00:00,01:30:00,930,1.0,No Info,13377
Multiple Carriers,2019-05-15,Delhi,Cochin,07:30:00,19:00:00,690,1.0,No Info,10529
Air India,2019-03-18,Delhi,Cochin,14:10:00,17:10:00,180,0.0,No Info,5674
Jet Airways,2019-03-24,Kolkata,Banglore,16:55:00,16:20:00,1405,1.0,In-flight meal not included,11134
Indigo,2019-04-24,Kolkata,Banglore,17:15:00,19:50:00,155,0.0,No Info,4804
Air India,2019-05-09,Delhi,Cochin,12:00:00,19:15:00,435,2.0,No Info,8918
Air India,2019-06-12,Delhi,Cochin,07:10:00,07:40:00,1470,2.0,No Info,12488
Jet Airways,2019-05-18,Kolkata,Banglore,08:25:00,16:20:00,475,1.0,In-flight meal not included,10844
Spicejet,2019-06-21,Banglore,Delhi,21:10:00,00:05:00,175,0.0,No check-in baggage included,3919
Jet Airways,2019-05-12,Kolkata,Banglore,06:30:00,04:40:00,1330,1.0,In-flight meal not included,8586
Multiple Carriers,2019-05-15,Delhi,Cochin,09:45:00,16:10:00,385,1.0,No Info,9646
Multiple Carriers,2019-03-21,Delhi,Cochin,09:10:00,19:15:00,605,1.0,No Info,8601
Air India,2019-03-24,Kolkata,Banglore,09:10:00,07:55:00,1365,2.0,No Info,15187
Indigo,2019-05-09,Delhi,Cochin,15:10:00,20:00:00,290,1.0,No Info,6147
Air India,2019-05-18,Delhi,Cochin,09:45:00,09:25:00,1420,1.0,No Info,8372
Multiple Carriers,2019-06-24,Delhi,Cochin,07:05:00,16:10:00,545,1.0,No Info,9856
Indigo,2019-03-12,Kolkata,Banglore,15:10:00,17:45:00,155,0.0,No Info,4148
Vistara,2019-05-18,Kolkata,Banglore,17:00:00,18:50:00,1550,1.0,No Info,9555
Vistara,2019-05-12,Kolkata,Banglore,20:20:00,09:05:00,765,1.0,No Info,9397
Jet Airways,2019-05-09,Kolkata,Banglore,16:30:00,22:35:00,365,1.0,No Info,14781
Air India,2019-04-12,Kolkata,Banglore,14:15:00,16:45:00,150,0.0,No Info,5195
Jet Airways,2019-03-24,Kolkata,Banglore,21:10:00,22:35:00,1525,1.0,In-flight meal not included,10031
Air India,2019-05-15,Delhi,Cochin,12:00:00,07:40:00,1180,2.0,No Info,10651
Air India,2019-03-01,Banglore,New Delhi,11:05:00,19:50:00,525,1.0,1 Long layover,14594
Vistara,2019-06-01,Banglore,Delhi,11:30:00,14:20:00,170,0.0,No Info,4668
Jet Airways,2019-05-09,Kolkata,Banglore,08:25:00,20:45:00,740,1.0,No Info,14781
Air India,2019-03-03,Delhi,Cochin,09:45:00,09:25:00,1420,1.0,No Info,24017
Jet Airways,2019-03-03,Delhi,Cochin,08:00:00,18:50:00,650,1.0,No Info,17024
Indigo,2019-03-27,Mumbai,Hyderabad,19:05:00,20:30:00,85,0.0,No Info,2754
Air India,2019-03-18,Banglore,New Delhi,17:25:00,10:35:00,1030,2.0,No Info,12568
Vistara,2019-05-06,Kolkata,Banglore,17:00:00,10:45:00,1065,1.0,No Info,8662
Jet Airways,2019-06-06,Delhi,Cochin,21:25:00,12:35:00,910,2.0,In-flight meal not included,11270
Indigo,2019-04-27,Kolkata,Banglore,15:30:00,18:05:00,155,0.0,No Info,4804
Indigo,2019-03-24,Kolkata,Banglore,20:25:00,23:05:00,160,0.0,No Info,8872
Jet Airways,2019-04-15,Banglore,Delhi,17:45:00,20:45:00,180,0.0,In-flight meal not included,4544
Indigo,2019-03-24,Banglore,New Delhi,22:20:00,01:10:00,170,0.0,No Info,3897
Air India,2019-06-03,Delhi,Cochin,13:00:00,19:15:00,375,1.0,No Info,8372
Spicejet,2019-06-01,Delhi,Cochin,17:55:00,22:50:00,295,1.0,No Info,5975
Jet Airways,2019-03-27,Delhi,Cochin,08:00:00,18:50:00,650,1.0,No Info,12242
Air India,2019-05-24,Kolkata,Banglore,05:50:00,08:55:00,1625,2.0,No Info,12723
Multiple Carriers,2019-06-24,Delhi,Cochin,11:30:00,19:15:00,465,1.0,No Info,14848
Air India,2019-03-12,Mumbai,Hyderabad,10:05:00,19:10:00,545,2.0,No Info,9736
Multiple Carriers,2019-05-18,Delhi,Cochin,08:45:00,19:15:00,630,1.0,No Info,8476
Jet Airways,2019-06-06,Kolkata,Banglore,17:00:00,10:55:00,1075,1.0,No Info,12692
Indigo,2019-04-12,Kolkata,Banglore,11:30:00,14:05:00,155,0.0,No Info,4174
Multiple Carriers,2019-06-01,Delhi,Cochin,13:00:00,01:30:00,750,1.0,No Info,13377
Spicejet,2019-05-01,Chennai,Kolkata,08:20:00,10:35:00,135,0.0,No Info,3597
Multiple Carriers,2019-05-18,Delhi,Cochin,08:00:00,21:00:00,780,1.0,No Info,8073
Multiple Carriers,2019-06-06,Delhi,Cochin,12:50:00,01:30:00,760,1.0,No Info,6795
Indigo,2019-04-24,Delhi,Cochin,20:25:00,01:30:00,305,1.0,No Info,5065
Indigo,2019-03-01,Mumbai,Hyderabad,16:55:00,18:25:00,90,0.0,No Info,8853
Vistara,2019-03-24,Banglore,New Delhi,16:00:00,18:35:00,155,0.0,No Info,11913
Jet Airways,2019-06-09,Delhi,Cochin,21:50:00,04:25:00,395,1.0,No Info,14714
Vistara,2019-05-09,Kolkata,Banglore,07:10:00,23:25:00,975,1.0,No Info,8085
Jet Airways,2019-05-06,Banglore,Delhi,19:50:00,22:50:00,180,0.0,No Info,7229
Jet Airways,2019-03-24,Kolkata,Banglore,18:55:00,12:00:00,1025,1.0,No Info,14231
Jet Airways,2019-05-09,Kolkata,Banglore,14:05:00,23:35:00,570,1.0,No Info,14781
Air India,2019-03-18,Banglore,New Delhi,08:50:00,16:30:00,1900,2.0,No Info,10835
Multiple Carriers,2019-06-27,Delhi,Cochin,08:45:00,21:00:00,735,1.0,No Info,7005
Jet Airways,2019-03-18,Banglore,New Delhi,21:25:00,09:30:00,725,1.0,No Info,13555
Indigo,2019-06-01,Kolkata,Banglore,09:35:00,12:10:00,155,0.0,No Info,4804
Multiple Carriers,2019-06-06,Delhi,Cochin,17:50:00,01:30:00,460,2.0,No Info,18275
Jet Airways,2019-03-03,Delhi,Cochin,05:40:00,04:25:00,1365,2.0,No Info,19266
Jet Airways,2019-05-01,Kolkata,Banglore,14:05:00,08:15:00,1090,1.0,In-flight meal not included,8586
Goair,2019-05-18,Banglore,Delhi,20:55:00,23:40:00,165,0.0,No Info,4632
Spicejet,2019-05-09,Kolkata,Banglore,17:10:00,19:40:00,150,0.0,No check-in baggage included,3841
Jet Airways,2019-06-09,Delhi,Cochin,21:50:00,04:25:00,395,1.0,In-flight meal not included,10262
Indigo,2019-06-15,Delhi,Cochin,23:30:00,04:35:00,305,1.0,No Info,10112
Indigo,2019-04-01,Mumbai,Hyderabad,02:35:00,04:05:00,90,0.0,No Info,2754
Air Asia,2019-05-21,Kolkata,Banglore,06:50:00,10:30:00,220,1.0,No Info,5162
Air India,2019-03-21,Delhi,Cochin,06:50:00,19:15:00,2185,2.0,No Info,10756
Jet Airways,2019-05-27,Delhi,Cochin,09:35:00,12:35:00,1620,2.0,In-flight meal not included,12872
Jet Airways,2019-06-06,Kolkata,Banglore,09:35:00,21:05:00,690,1.0,No Info,14151
Indigo,2019-05-18,Delhi,Cochin,15:00:00,01:30:00,630,1.0,No Info,7503
Multiple Carriers,2019-05-15,Delhi,Cochin,07:00:00,21:00:00,840,1.0,No Info,8073
Jet Airways,2019-03-24,Kolkata,Banglore,18:55:00,16:20:00,1285,1.0,No Info,14231
Jet Airways,2019-06-21,Mumbai,Hyderabad,08:45:00,10:15:00,90,0.0,No Info,8040
Multiple Carriers,2019-05-09,Delhi,Cochin,11:30:00,01:30:00,840,1.0,No Info,15078
Multiple Carriers,2019-06-09,Delhi,Cochin,07:05:00,16:10:00,545,1.0,No Info,9646
Vistara,2019-03-06,Mumbai,Hyderabad,10:25:00,22:55:00,750,1.0,No Info,12395
Jet Airways,2019-05-24,Kolkata,Banglore,06:30:00,12:00:00,330,1.0,In-flight meal not included,9663
Jet Airways,2019-06-27,Banglore,Delhi,19:50:00,22:50:00,180,0.0,In-flight meal not included,7229
Indigo,2019-04-27,Banglore,Delhi,16:55:00,19:55:00,180,0.0,No Info,4823
Air India,2019-06-15,Delhi,Cochin,17:40:00,23:00:00,320,1.0,No Info,7384
Jet Airways,2019-06-06,Delhi,Cochin,14:00:00,19:00:00,300,1.0,In-flight meal not included,10262
Vistara,2019-04-21,Banglore,Delhi,11:30:00,14:20:00,170,0.0,No Info,5403
Jet Airways,2019-05-18,Kolkata,Banglore,21:10:00,08:15:00,665,1.0,In-flight meal not included,8586
Jet Airways,2019-03-21,Delhi,Cochin,10:45:00,18:50:00,485,2.0,In-flight meal not included,8367
Jet Airways,2019-06-06,Delhi,Cochin,19:15:00,19:00:00,1425,1.0,No Info,14714
Jet Airways,2019-05-09,Delhi,Cochin,13:00:00,19:00:00,360,1.0,No Info,15554
Jet Airways,2019-03-06,Banglore,New Delhi,05:45:00,16:10:00,625,1.0,No Info,16736
Air India,2019-04-06,Banglore,Delhi,13:20:00,16:10:00,170,0.0,No Info,5176
Air India,2019-05-09,Kolkata,Banglore,20:30:00,08:55:00,745,1.0,No Info,10203
Jet Airways,2019-03-01,Banglore,New Delhi,11:40:00,05:05:00,1045,1.0,No Info,22270
Spicejet,2019-06-09,Mumbai,Hyderabad,22:45:00,00:15:00,90,0.0,No check-in baggage included,1965
Indigo,2019-03-18,Banglore,New Delhi,22:20:00,01:10:00,170,0.0,No Info,4545
Indigo,2019-05-27,Chennai,Kolkata,14:45:00,17:05:00,140,0.0,No Info,3597
Multiple Carriers,2019-03-21,Delhi,Cochin,07:05:00,15:30:00,505,1.0,No Info,14486
Air India,2019-03-12,Banglore,New Delhi,08:50:00,09:25:00,1475,2.0,No Info,12725
Indigo,2019-03-09,Delhi,Cochin,21:05:00,01:45:00,280,1.0,No Info,6937
Indigo,2019-05-12,Delhi,Cochin,14:25:00,17:40:00,195,0.0,No Info,5000
Spicejet,2019-06-09,Kolkata,Banglore,09:00:00,11:25:00,145,0.0,No Info,4174
Air India,2019-03-24,Kolkata,Banglore,20:30:00,23:15:00,1605,1.0,No Info,10808
Spicejet,2019-06-06,Kolkata,Banglore,22:20:00,00:40:00,140,0.0,No Info,3873
Jet Airways,2019-04-01,Banglore,Delhi,06:00:00,08:45:00,165,0.0,In-flight meal not included,4544
Multiple Carriers,2019-06-24,Delhi,Cochin,17:30:00,01:30:00,480,1.0,No Info,13377
Spicejet,2019-06-21,Mumbai,Hyderabad,13:15:00,14:45:00,90,0.0,No check-in baggage included,1965
Jet Airways,2019-05-24,Banglore,Delhi,07:10:00,10:10:00,180,0.0,No Info,7229
Vistara,2019-06-01,Banglore,Delhi,21:00:00,23:50:00,170,0.0,No Info,4668
Multiple Carriers,2019-05-15,Delhi,Cochin,10:20:00,19:15:00,535,1.0,No Info,8266
Indigo,2019-06-27,Banglore,Delhi,08:30:00,11:20:00,170,0.0,No Info,4823
Indigo,2019-03-09,Banglore,New Delhi,21:20:00,00:15:00,175,0.0,No Info,6144
Air India,2019-06-27,Mumbai,Hyderabad,21:05:00,22:25:00,80,0.0,No Info,3100
Jet Airways,2019-05-18,Delhi,Cochin,17:30:00,04:25:00,655,1.0,In-flight meal not included,12373
Jet Airways,2019-05-18,Kolkata,Banglore,09:35:00,22:05:00,750,1.0,In-flight meal not included,12384
Multiple Carriers,2019-06-03,Delhi,Cochin,10:00:00,21:00:00,660,1.0,No Info,13587
Air India,2019-05-15,Delhi,Cochin,13:00:00,19:15:00,375,1.0,No Info,8372
Indigo,2019-03-06,Delhi,Cochin,06:40:00,22:20:00,940,1.0,No Info,6442
Goair,2019-04-15,Delhi,Cochin,07:25:00,13:35:00,370,1.0,No Info,5052
Jet Airways,2019-04-09,Banglore,Delhi,17:45:00,20:45:00,180,0.0,In-flight meal not included,4544
Multiple Carriers,2019-06-01,Delhi,Cochin,13:00:00,19:15:00,375,1.0,No Info,16108
Jet Airways,2019-05-21,Delhi,Cochin,02:15:00,19:00:00,1005,1.0,In-flight meal not included,12898
Spicejet,2019-04-01,Mumbai,Hyderabad,05:45:00,07:15:00,90,0.0,No check-in baggage included,1965
Jet Airways,2019-05-24,Kolkata,Banglore,14:05:00,09:20:00,1155,1.0,In-flight meal not included,9663
Air India,2019-03-06,Delhi,Cochin,17:15:00,09:25:00,970,2.0,No Info,9417
Jet Airways,2019-06-12,Kolkata,Banglore,14:05:00,16:20:00,1575,1.0,In-flight meal not included,8529
Jet Airways,2019-05-06,Kolkata,Banglore,14:05:00,04:40:00,875,1.0,In-flight meal not included,9663
Spicejet,2019-06-15,Mumbai,Hyderabad,22:45:00,00:15:00,90,0.0,No Info,2017
Jet Airways,2019-05-09,Delhi,Cochin,17:30:00,04:25:00,655,1.0,In-flight meal not included,12373
Indigo,2019-06-06,Delhi,Cochin,16:00:00,01:30:00,570,1.0,No Info,6316
Jet Airways,2019-05-18,Kolkata,Banglore,21:10:00,04:40:00,450,1.0,No Info,13941
Jet Airways,2019-03-12,Banglore,New Delhi,22:55:00,11:25:00,750,1.0,No Info,13817
Jet Airways,2019-06-09,Delhi,Cochin,14:35:00,12:35:00,1320,2.0,No Info,13376
Indigo,2019-06-15,Chennai,Kolkata,05:15:00,07:40:00,145,0.0,No Info,3540
Jet Airways,2019-06-12,Kolkata,Banglore,10:20:00,17:35:00,435,1.0,No Info,8355
Multiple Carriers,2019-03-27,Delhi,Cochin,18:00:00,01:35:00,455,1.0,No Info,6673
Multiple Carriers,2019-03-27,Delhi,Cochin,12:50:00,19:15:00,385,1.0,No Info,6953
Indigo,2019-03-15,Mumbai,Hyderabad,20:05:00,21:35:00,90,0.0,No Info,2754
Multiple Carriers,2019-06-01,Delhi,Cochin,11:25:00,19:00:00,455,1.0,No Info,11200
Indigo,2019-06-27,Banglore,Delhi,18:55:00,21:50:00,175,0.0,No Info,4990
Vistara,2019-05-18,Chennai,Kolkata,07:05:00,09:20:00,135,0.0,No Info,3687
Air Asia,2019-03-03,Banglore,New Delhi,05:50:00,08:40:00,170,0.0,No Info,7652
Multiple Carriers,2019-06-15,Delhi,Cochin,03:50:00,19:00:00,910,1.0,No Info,12192
Indigo,2019-03-06,Kolkata,Banglore,20:25:00,23:05:00,160,0.0,No Info,4778
Indigo,2019-05-09,Banglore,Delhi,18:55:00,21:50:00,175,0.0,No Info,4823
Air India,2019-06-09,Kolkata,Banglore,09:50:00,23:15:00,805,3.0,No Info,14960
Vistara,2019-03-24,Kolkata,Banglore,20:20:00,09:10:00,770,1.0,No Info,12312
Multiple Carriers,2019-05-18,Delhi,Cochin,08:00:00,19:00:00,660,1.0,No Info,10197
Indigo,2019-05-12,Mumbai,Hyderabad,21:20:00,22:50:00,90,0.0,No Info,2227
Jet Airways,2019-06-09,Kolkata,Banglore,20:25:00,18:00:00,1295,1.0,No Info,13401
Air India,2019-03-27,Delhi,Cochin,13:05:00,07:40:00,1115,2.0,No Info,8892
Air Asia,2019-06-21,Kolkata,Banglore,22:50:00,01:20:00,150,0.0,No Info,3807
Jet Airways,2019-04-03,Banglore,Delhi,06:00:00,08:45:00,165,0.0,No Info,7229
Jet Airways,2019-03-24,Kolkata,Banglore,21:10:00,23:25:00,1575,1.0,In-flight meal not included,10031
Spicejet,2019-05-12,Chennai,Kolkata,17:45:00,20:05:00,140,0.0,No Info,3597
Air Asia,2019-06-27,Delhi,Cochin,16:45:00,07:10:00,865,1.0,No Info,6451
Spicejet,2019-05-01,Kolkata,Banglore,15:05:00,20:20:00,315,1.0,No Info,4649
Jet Airways,2019-03-06,Banglore,New Delhi,14:05:00,00:45:00,640,1.0,In-flight meal not included,13502
Vistara,2019-03-15,Banglore,New Delhi,06:40:00,10:25:00,1665,1.0,No Info,6590
Vistara,2019-03-15,Chennai,Kolkata,07:05:00,09:20:00,135,0.0,No Info,6627
Air India,2019-05-18,Kolkata,Banglore,12:00:00,18:30:00,1830,2.0,No Info,10361
Jet Airways,2019-06-12,Banglore,Delhi,08:20:00,11:20:00,180,0.0,No Info,8016
Spicejet,2019-04-21,Kolkata,Banglore,22:20:00,00:40:00,140,0.0,No check-in baggage included,4807
Indigo,2019-04-18,Banglore,Delhi,06:05:00,08:50:00,165,0.0,No Info,4591
Air India,2019-06-09,Delhi,Cochin,09:45:00,09:25:00,1420,1.0,No Info,7690
Air India,2019-05-27,Delhi,Cochin,12:00:00,19:15:00,435,2.0,No Info,9653
Jet Airways,2019-06-09,Kolkata,Banglore,10:20:00,17:35:00,435,1.0,No Info,8355
Multiple Carriers,2019-05-09,Delhi,Cochin,06:00:00,19:15:00,795,1.0,No Info,8266
Jet Airways,2019-03-21,Banglore,New Delhi,08:00:00,07:40:00,1420,1.0,In-flight meal not included,7832
Jet Airways,2019-04-01,Delhi,Cochin,10:00:00,12:35:00,1595,1.0,In-flight meal not included,5406
Jet Airways,2019-03-21,Banglore,New Delhi,08:55:00,16:10:00,435,1.0,In-flight meal not included,7832
Spicejet,2019-05-12,Mumbai,Hyderabad,22:45:00,00:15:00,90,0.0,No check-in baggage included,1965
Jet Airways,2019-03-12,Banglore,New Delhi,20:35:00,09:30:00,775,1.0,In-flight meal not included,11087
Indigo,2019-06-27,Mumbai,Hyderabad,02:35:00,04:05:00,90,0.0,No Info,2754
Vistara,2019-06-15,Chennai,Kolkata,07:05:00,09:20:00,135,0.0,No Info,3687
Indigo,2019-03-15,Chennai,Kolkata,22:05:00,00:30:00,145,0.0,No Info,6297
Air India,2019-05-24,Kolkata,Banglore,09:50:00,08:55:00,1385,2.0,No Info,15170
Spicejet,2019-03-24,Kolkata,Banglore,22:20:00,00:40:00,140,0.0,No Info,5831
Indigo,2019-06-03,Delhi,Cochin,05:35:00,08:50:00,195,0.0,No Info,5601
Indigo,2019-06-15,Delhi,Cochin,02:00:00,07:45:00,345,1.0,No Info,6386
Jet Airways,2019-03-27,Delhi,Cochin,06:20:00,04:25:00,1325,2.0,No Info,12273
Air India,2019-04-01,Kolkata,Banglore,16:50:00,18:30:00,1540,1.0,No Info,7893
Vistara,2019-06-15,Banglore,Delhi,17:00:00,19:35:00,155,0.0,No Info,4878
Jet Airways,2019-04-15,Banglore,Delhi,18:55:00,22:00:00,185,0.0,In-flight meal not included,4544
Jet Airways,2019-04-18,Banglore,Delhi,08:20:00,11:20:00,180,0.0,No Info,7229
Jet Airways,2019-05-01,Delhi,Cochin,23:05:00,19:00:00,1195,2.0,No Info,15129
Air India,2019-06-15,Delhi,Cochin,03:50:00,19:15:00,925,1.0,No Info,9929
Multiple Carriers,2019-05-09,Delhi,Cochin,10:00:00,19:00:00,540,1.0,No Info,10197
Air India,2019-05-18,Kolkata,Banglore,10:00:00,01:20:00,920,2.0,No Info,13243
Jet Airways,2019-05-06,Kolkata,Banglore,20:00:00,09:20:00,800,1.0,In-flight meal not included,9663
Indigo,2019-03-03,Banglore,New Delhi,23:30:00,02:20:00,170,0.0,No Info,6144
Spicejet,2019-06-15,Kolkata,Banglore,09:00:00,11:25:00,145,0.0,No check-in baggage included,3841
Multiple Carriers,2019-05-21,Delhi,Cochin,18:00:00,01:30:00,450,1.0,No Info,7888
Jet Airways,2019-04-06,Delhi,Cochin,13:00:00,19:00:00,360,1.0,In-flight meal not included,5177
Spicejet,2019-03-27,Mumbai,Hyderabad,05:45:00,07:05:00,80,0.0,No Info,1759
Jet Airways,2019-05-18,Delhi,Cochin,22:50:00,04:25:00,335,1.0,No Info,15554
Indigo,2019-05-27,Chennai,Kolkata,19:35:00,21:55:00,140,0.0,No Info,3597
Air India,2019-03-03,Banglore,New Delhi,08:15:00,21:25:00,790,1.0,No Info,6781
Jet Airways,2019-06-27,Delhi,Cochin,23:05:00,12:35:00,810,2.0,No Info,12819
Air Asia,2019-06-06,Kolkata,Banglore,07:35:00,19:25:00,710,1.0,No Info,6810
Air India,2019-03-21,Delhi,Cochin,06:10:00,23:00:00,1010,1.0,No Info,5704
Spicejet,2019-05-27,Kolkata,Banglore,22:20:00,00:40:00,140,0.0,No Info,3873
Indigo,2019-03-01,Mumbai,Hyderabad,02:30:00,04:00:00,90,0.0,No Info,16000
Air India,2019-06-03,Delhi,Cochin,16:55:00,19:15:00,1580,2.0,No Info,13381
Air India,2019-06-12,Delhi,Cochin,22:00:00,19:15:00,1275,2.0,No Info,10231
Jet Airways,2019-06-27,Mumbai,Hyderabad,10:20:00,11:50:00,90,0.0,In-flight meal not included,4995
Jet Airways,2019-03-24,Banglore,New Delhi,08:55:00,09:00:00,1445,1.0,In-flight meal not included,8147
Jet Airways,2019-05-15,Kolkata,Banglore,14:05:00,22:35:00,510,1.0,No Info,14781
Jet Airways,2019-06-06,Kolkata,Banglore,21:10:00,09:20:00,730,1.0,In-flight meal not included,10844
Indigo,2019-05-03,Banglore,Delhi,01:30:00,04:15:00,165,0.0,No Info,3943
Jet Airways,2019-03-24,Kolkata,Banglore,08:25:00,23:25:00,900,1.0,In-flight meal not included,10031
Jet Airways,2019-03-21,Delhi,Cochin,07:05:00,04:25:00,1280,1.0,No Info,12767
Jet Airways,2019-06-09,Delhi,Cochin,14:00:00,19:00:00,300,1.0,No Info,14714
Indigo,2019-05-06,Banglore,Delhi,22:10:00,01:00:00,170,0.0,No Info,3419
Air India,2019-03-03,Mumbai,Hyderabad,13:55:00,15:25:00,90,0.0,No Info,6092
Multiple Carriers,2019-05-21,Delhi,Cochin,11:30:00,01:30:00,840,1.0,No Info,14067
Indigo,2019-06-15,Mumbai,Hyderabad,12:00:00,13:30:00,90,0.0,No Info,2754
Jet Airways,2019-06-12,Delhi,Cochin,19:30:00,04:25:00,535,2.0,No Info,13014
Indigo,2019-05-06,Banglore,Delhi,18:55:00,21:50:00,175,0.0,No Info,4823
Jet Airways,2019-06-15,Delhi,Cochin,11:40:00,19:00:00,440,2.0,In-flight meal not included,15812
Air India,2019-04-03,Banglore,Delhi,17:00:00,19:45:00,165,0.0,No Info,5176
Multiple Carriers,2019-06-06,Delhi,Cochin,06:00:00,21:00:00,900,1.0,No Info,7005
Jet Airways,2019-03-24,Kolkata,Banglore,06:30:00,23:25:00,1015,1.0,No Info,13339
Air India,2019-03-18,Delhi,Cochin,05:10:00,08:00:00,170,0.0,No Info,5674
Air India,2019-03-03,Banglore,New Delhi,00:30:00,08:45:00,495,1.0,No Info,11392
Spicejet,2019-05-15,Kolkata,Banglore,22:20:00,00:40:00,140,0.0,No check-in baggage included,3841
Jet Airways,2019-06-06,Kolkata,Banglore,08:25:00,19:50:00,685,1.0,No Info,14571
Air India,2019-06-03,Delhi,Cochin,10:00:00,19:15:00,555,1.0,No Info,10979
Jet Airways,2019-03-21,Banglore,New Delhi,14:05:00,11:25:00,1280,1.0,In-flight meal not included,7832
Indigo,2019-06-06,Delhi,Cochin,07:15:00,12:30:00,315,1.0,No Info,6582
Indigo,2019-05-21,Kolkata,Banglore,17:15:00,19:50:00,155,0.0,No Info,4804
Jet Airways,2019-03-09,Delhi,Cochin,05:25:00,04:25:00,1380,2.0,No Info,16914
Jet Airways,2019-06-06,Delhi,Cochin,09:00:00,19:00:00,600,1.0,In-flight meal not included,10262
Vistara,2019-03-09,Delhi,Cochin,06:00:00,09:10:00,190,0.0,No Info,7266
Multiple Carriers,2019-03-21,Delhi,Cochin,08:00:00,15:30:00,450,1.0,No Info,14486
Jet Airways,2019-03-24,Kolkata,Banglore,19:45:00,12:00:00,975,1.0,In-flight meal not included,11134
Air Asia,2019-05-12,Banglore,Delhi,23:55:00,02:45:00,170,0.0,No Info,4483
Jet Airways,2019-05-06,Kolkata,Banglore,16:30:00,04:40:00,730,1.0,In-flight meal not included,8586
Indigo,2019-06-09,Delhi,Cochin,06:40:00,21:00:00,860,1.0,No Info,6093
Jet Airways,2019-06-09,Banglore,Delhi,08:20:00,11:20:00,180,0.0,No Info,8016
Jet Airways,2019-03-12,Banglore,New Delhi,22:55:00,07:40:00,525,1.0,No Info,13817
Jet Airways,2019-06-12,Delhi,Cochin,11:45:00,04:25:00,1000,2.0,No Info,13882
Air Asia,2019-06-12,Delhi,Cochin,07:55:00,15:45:00,470,1.0,No Info,6152
Jet Airways,2019-03-15,Banglore,New Delhi,05:50:00,12:20:00,390,1.0,No Info,9623
Jet Airways,2019-06-27,Delhi,Cochin,08:00:00,19:00:00,660,1.0,In-flight meal not included,10262
Indigo,2019-06-24,Delhi,Cochin,07:15:00,12:30:00,315,1.0,No Info,6582
Jet Airways,2019-03-12,Banglore,New Delhi,18:55:00,10:45:00,950,1.0,No Info,13817
Air India,2019-06-21,Kolkata,Banglore,14:15:00,16:45:00,150,0.0,No Info,5510
Jet Airways,2019-05-12,Kolkata,Banglore,20:00:00,12:00:00,960,1.0,In-flight meal not included,9663
Goair,2019-05-09,Delhi,Cochin,10:35:00,19:35:00,540,1.0,No Info,6591
Air India,2019-05-15,Banglore,Delhi,21:05:00,23:55:00,170,0.0,No Info,5228
Multiple Carriers,2019-06-12,Delhi,Cochin,13:00:00,01:30:00,750,1.0,No Info,7198
Jet Airways,2019-06-12,Kolkata,Banglore,09:35:00,14:25:00,1730,1.0,No Info,12692
Spicejet,2019-05-06,Chennai,Kolkata,08:20:00,10:35:00,135,0.0,No Info,3911
Indigo,2019-06-06,Kolkata,Banglore,14:25:00,16:55:00,150,0.0,No Info,4804
Multiple Carriers,2019-03-03,Delhi,Cochin,07:05:00,21:00:00,835,1.0,No Info,17057
Air India,2019-05-24,Kolkata,Banglore,17:30:00,20:25:00,1615,1.0,No Info,10623
Multiple Carriers,2019-05-18,Delhi,Cochin,03:50:00,12:35:00,525,1.0,No Info,10197
Jet Airways,2019-05-03,Banglore,Delhi,11:10:00,14:05:00,175,0.0,In-flight meal not included,4030
Jet Airways,2019-03-12,Banglore,New Delhi,18:55:00,09:30:00,875,1.0,No Info,13817
Indigo,2019-06-24,Chennai,Kolkata,19:35:00,21:55:00,140,0.0,No Info,3597
Jet Airways,2019-03-06,Banglore,New Delhi,11:40:00,09:30:00,1310,1.0,No Info,17261
Multiple Carriers,2019-03-03,Delhi,Cochin,08:55:00,21:00:00,725,1.0,No Info,15147
Jet Airways,2019-04-24,Banglore,Delhi,07:10:00,10:10:00,180,0.0,No Info,7229
Multiple Carriers,2019-05-21,Delhi,Cochin,12:50:00,21:00:00,490,1.0,No Info,7485
Jet Airways,2019-03-18,Banglore,New Delhi,21:25:00,09:00:00,695,1.0,No Info,13555
Indigo,2019-03-03,Delhi,Cochin,10:45:00,01:35:00,890,1.0,No Info,14871
Multiple Carriers,2019-03-09,Delhi,Cochin,07:30:00,19:45:00,735,1.0,No Info,12615
Jet Airways,2019-03-01,Banglore,New Delhi,22:50:00,11:25:00,755,1.0,1 Long layover,31825
Indigo,2019-05-21,Delhi,Cochin,23:30:00,04:35:00,305,1.0,No Info,8745
Goair,2019-06-01,Delhi,Cochin,14:25:00,19:35:00,310,1.0,No Info,10651
Jet Airways,2019-05-06,Banglore,Delhi,18:55:00,22:00:00,185,0.0,No Info,7229
Indigo,2019-06-06,Delhi,Cochin,08:35:00,22:30:00,835,1.0,No Info,6442
Jet Airways,2019-06-01,Delhi,Cochin,09:40:00,04:25:00,1125,2.0,No Info,13014
Multiple Carriers,2019-05-27,Delhi,Cochin,18:15:00,01:30:00,435,1.0,In-flight meal not included,7308
Indigo,2019-05-09,Kolkata,Banglore,11:30:00,14:05:00,155,0.0,No Info,5224
Air India,2019-06-01,Delhi,Cochin,06:50:00,07:40:00,1490,2.0,No Info,15481
Jet Airways,2019-06-12,Kolkata,Banglore,06:30:00,18:15:00,705,1.0,In-flight meal not included,9899
Jet Airways,2019-05-01,Kolkata,Banglore,21:10:00,04:40:00,450,1.0,In-flight meal not included,10844
Jet Airways,2019-03-03,Banglore,New Delhi,08:00:00,07:40:00,1420,1.0,In-flight meal not included,13502
Air Asia,2019-03-27,Kolkata,Banglore,19:35:00,22:05:00,150,0.0,No Info,3782
Vistara,2019-05-21,Kolkata,Banglore,20:20:00,23:25:00,1625,1.0,No Info,9345
Air India,2019-03-03,Delhi,Cochin,12:30:00,09:25:00,1255,1.0,No Info,16142
Jet Airways,2019-06-27,Delhi,Cochin,21:50:00,19:00:00,1270,1.0,In-flight meal not included,10262
Spicejet,2019-03-21,Delhi,Cochin,08:45:00,13:15:00,270,1.0,No check-in baggage included,6356
Jet Airways,2019-05-18,Delhi,Cochin,20:55:00,04:25:00,450,1.0,No Info,15554
Air Asia,2019-04-27,Kolkata,Banglore,22:50:00,01:20:00,150,0.0,No Info,4409
Jet Airways,2019-03-24,Kolkata,Banglore,13:55:00,19:40:00,345,1.0,In-flight meal not included,11134
Indigo,2019-06-09,Delhi,Cochin,10:35:00,21:00:00,625,1.0,No Info,6314
Spicejet,2019-05-27,Banglore,Delhi,21:10:00,00:05:00,175,0.0,No check-in baggage included,3257
Multiple Carriers,2019-03-27,Delhi,Cochin,02:15:00,15:30:00,795,1.0,No Info,12327
Spicejet,2019-04-03,Mumbai,Hyderabad,05:45:00,07:15:00,90,0.0,No Info,2017
Indigo,2019-05-21,Delhi,Cochin,04:55:00,11:50:00,415,1.0,No Info,6794
Air India,2019-03-21,Banglore,New Delhi,08:15:00,08:50:00,1475,1.0,No Info,4943
Multiple Carriers,2019-05-21,Delhi,Cochin,10:00:00,01:30:00,930,1.0,No Info,7888
Indigo,2019-06-06,Delhi,Cochin,07:30:00,21:00:00,810,1.0,No Info,6093
Jet Airways,2019-05-21,Delhi,Cochin,11:30:00,04:25:00,1015,1.0,In-flight meal not included,12898
Indigo,2019-03-27,Delhi,Cochin,16:00:00,01:35:00,575,1.0,No Info,7048
Air India,2019-05-24,Banglore,Delhi,21:05:00,23:55:00,170,0.0,No Info,5228
Air India,2019-06-06,Delhi,Cochin,05:55:00,19:15:00,800,2.0,No Info,10861
Air India,2019-03-12,Chennai,Kolkata,11:40:00,13:55:00,135,0.0,No Info,7082
Air India,2019-03-24,Banglore,New Delhi,10:00:00,12:45:00,165,0.0,No Info,4441
Indigo,2019-03-03,Banglore,New Delhi,01:30:00,04:15:00,165,0.0,No Info,6144
Air Asia,2019-05-18,Delhi,Cochin,07:55:00,22:25:00,870,1.0,No Info,7452
Indigo,2019-06-12,Delhi,Cochin,21:50:00,03:35:00,345,1.0,No Info,5775
Spicejet,2019-05-01,Chennai,Kolkata,08:20:00,10:35:00,135,0.0,No check-in baggage included,3543
Jet Airways,2019-04-01,Kolkata,Banglore,20:00:00,22:35:00,1595,1.0,In-flight meal not included,7064
Air India,2019-05-15,Kolkata,Banglore,20:30:00,20:25:00,1435,1.0,No Info,10203
Spicejet,2019-04-21,Kolkata,Banglore,09:00:00,11:25:00,145,0.0,No Info,4491
Jet Airways,2019-04-06,Delhi,Cochin,02:15:00,12:35:00,620,1.0,In-flight meal not included,5177
Jet Airways,2019-05-01,Mumbai,Hyderabad,10:20:00,11:50:00,90,0.0,No Info,8040
Multiple Carriers,2019-06-09,Delhi,Cochin,16:00:00,01:30:00,570,1.0,No Info,13587
Indigo,2019-03-15,Banglore,New Delhi,14:25:00,19:25:00,300,1.0,No Info,9165
Indigo,2019-06-03,Banglore,Delhi,08:30:00,11:20:00,170,0.0,No Info,4823
Indigo,2019-06-01,Banglore,Delhi,23:30:00,02:20:00,170,0.0,No Info,4591
Jet Airways,2019-03-24,Kolkata,Banglore,19:45:00,04:45:00,540,1.0,No Info,13759
Jet Airways,2019-06-03,Banglore,Delhi,18:55:00,22:00:00,185,0.0,No Info,8016
Indigo,2019-03-24,Banglore,New Delhi,00:40:00,03:25:00,165,0.0,No Info,4777
Multiple Carriers,2019-05-27,Delhi,Cochin,08:45:00,19:00:00,615,1.0,No Info,10529
Jet Airways,2019-06-09,Kolkata,Banglore,17:00:00,21:05:00,1685,1.0,In-flight meal not included,10539
Jet Airways,2019-06-03,Delhi,Cochin,07:05:00,12:35:00,330,1.0,No Info,14924
Jet Airways,2019-03-27,Delhi,Cochin,15:05:00,04:25:00,800,1.0,No Info,12242
Jet Airways,2019-06-12,Delhi,Cochin,06:45:00,04:25:00,1300,2.0,In-flight meal not included,10919
